,Action,Distance,Time,Direction
0,Move,355.25327584696527,3.3631398677825928,114.39350027316034
1,Move,88.68974799828896,2.4212028980255127,157.68873763669387
2,Move,28.25891894606018,0.533390998840332,150.39594990136808
